Channel,Followers
ninja,18496564
auronplay,15049230
rubius,13919996
ibai,12927416
xqc,11717481
tfue,11384873
thegrefg,11253869
shroud,10501589
juansguarnizo,10340156
pokimane,9308534
sodapoppin,8836363
elspreen,7458994
myth,7446663
heelmike,7429524
tommyinnit,7390492
adinross,7251801
elmariana,7199235
nickmercs,6661295
riotgames,6547561
dream,6414701
sypherpk,6358925
amouranth,6357499
alanzoka,6343381
summit1g,6170974
esl_csgo,6004902
arigameplays,5956818
clix,5835364
quackity,5646916
fortnite,5434397
elded,5430379
mongraal,5357750
robleis,5288255
loltyler1,5212646
bugha,5185499
tubbo,5136211
georgenotfound,5114245
moistcr1tikal,4919852
montanablack88,4879143
kaicenat,4833559
slakun10,4676331
wilbursoot,4670752
dakotaz,4663400
ranboolive,4456925
nickeh30,4373940
philza,4154657
squeezie,4132475
loud_coringa,4084009
sykkuno,4045694
quackitytoo,4013187
benjyfishy,3935840
rocketleague,3917067
gotaga,3900038
elraenn,3882842
symfuhny,3859229
gaules,3856618
valorant,3733358
coscu,3727050
nobru,3718864
karljacobs,3705919
castro_1021,3681234
missasinfonia,3651907
casimito,3542564
carreraaa,3479661
rivers_gg,3441242
buster,3425967
s1mple,3376218
asmongold,3364117
trymacs,3327729
sapnap,3315111
fernanfloo,3308642
elxokas,3303132
tenz,3293843
alexby11,3263574
iamcristinini,3250889
illojuan,3200569
biyin_,3137670
syndicate,3121011
x2twins,3110055
staryuuki,3011432
aydan,2960055
jelty,2953161
lirik,2925880
lolitofdez,2916335
wtcn,2862048
aceu,2861461
loserfruit,2859511
mrsavage,2846126
cloakzy,2846015
easportsfifa,2820421
luzu,2819216
jacksepticeye,2817914
axozer,2775274
disguisedtoast,2775260
nightblue3,2720463
anomaly,2700638
nihachu,2694613
stableronaldo,2653305
cellbit,2637456
iitztimmy,2632539
imaqtpie,2591040
tarik,2589436
litkillah,2558566
nimuvt,2557741
rainbow6,2552045
kendinemuzisyen,2548417
n3koglai,2531325
hasanabi,2489909
reborn_live,2461089
lilypichu,2459106
kingsleague,2441551
markiplier,2420815
badboyhalo,2415473
perxitaa,2414294
yoda,2401551
bratishkinoff,2396195
barcagamer,2368919
ampeterby7,2348975
chica,2323110
evelone192,2311788
twitchrivals,2292301
kyedae,2274014
twitch,2252879
neymarjr,2223335
paulinholokobr,2173212
therealknossi,2165963
pqueen,2148714
solaryfortnite,2126220
swagg,2123476
trainwreckstv,2113841
bystaxx,2109030
tubbolive,2094824
unlostv,2087485
bobross,2066156
captainsparklez,2065642
boxbox,2060622
mizkif,2035507
flight23white,2030176
yassuo,2022973
cdnthe3rd,2021595
gosu,1992019
justaminx,1986091
cizzorz,1982961
locklear,1980689
aminematue,1975879
aroyitt,1974835
nadeshot,1964046
gamesdonequick,1963644
lcs,1928576
pow3r,1927238
lec,1923013
schlatt,1918481
foolish_gamers,1917101
genshinimpactofficial,1908961
miniminter,1900811
jackmanifoldtv,1898874
lebouseuh,1893721
robertocein,1881882
sweet_anita,1879357
zilverk,1873100
thedanirep,1868088
brawlhalla,1850852
jahrein,1847733
esl_csgo_gg,1844579
izakooo,1842604
markitonavaja,1838322
warframe,1833639
tsm_imperialhal,1826998
k1ng,1804702
jukes,1790666
sinatraa,1787562
vicens,1786015
papomc,1781968
gmhikaru,1772915
rewinside,1771229
hiko,1764180
sneakylol,1760991
letshe,1754649
doublelift,1753157
mayichi,1746204
taylor_jevaux,1731115
im_dontai,1730616
xxxthefocusxxx,1727587
ilmasseo,1713050
thekairi78,1709150
beniju03,1706868
callofduty,1706832
papaplatte,1705002
loud_thurzin,1704127
broxh_,1703547
forsen,1702211
austinshow,1688470
doigby,1687861
joshog,1683687
mithrain,1682498
shadoune666,1674311
zanoxvii,1667073
shahzam,1659747
lck,1655449
rakanoolive,1653554
jesusavgn,1643818
komanche,1643616
natehill,1642803
domingo,1640781
tinakitten,1630502
neonsniperpanda,1623304
faceittv,1616724
rakin,1615307
tommyinnitalt,1613015
eleaguetv,1610655
natalan,1607368
greekgodx,1607188
gemita,1603522
blackoutz,1594659
markilokurasy,1594023
scarra,1593349
carola,1586667
loeya,1583988
kamet0,1577707
sovietwomble,1577458
cblol,1564637
germangarmendia,1561365
eldemente,1554467
captainpuffy,1549991
gronkh,1548527
bakzera,1540175
elotrix,1540147
folagorlives,1538879
elcanaldejoaco,1538424
swaggersouls,1536241
pgl,1535147
amar,1532418
trick2g,1526914
scream,1525578
bjergsenlol,1514130
blastpremier,1508398
roier,1501457
llobeti4,1498718
zerator,1497895
fextralife,1483859
nl_kripp,1481740
sommerset,1479034
ironmouse,1478184
alinity,1476940
cohhcarnage,1475025
shivfps,1472513
karlnetwork,1472313
pewdiepie,1469961
pipepunk,1469552
scump,1464994
ungespielt,1461981
gafallen,1459185
kingrichard,1452260
emadgg,1449572
farfadoxvevo,1446805
replays,1444899
calango,1444720
punz,1441679
deepins02,1439788
eliasn97,1439670
dyrus,1439437
scoped,1432698
mrkeroro10,1425243
shongxbong,1422393
lachilenabelu,1414788
goldglove,1406282
bastighg,1403315
karchez,1399464
zerkaa,1397614
stray228,1391933
paradeev1ch,1391078
elrichmc,1388869
riot_esports_korea,1379681
davyjones,1372405
jaggerprincesa,1368829
landonorris,1368650
loud_babi,1362135
dylanterolive,1361180
ops1x,1360991
pimpeano,1360988
8cho,1359524
xcry,1358752
thisisnotgeorgenotfound,1356606
wismichu,1347902
chap,1340801
yourragegaming,1333707
lululuvely,1328648
hannahxxrose,1323764
pashabiceps,1321470
koreshzy,1319783
mckytv,1313754
swiftor,1307827
aldo_geo,1306103
luquet4,1305567
tioorochitwitch,1302982
chocotaco,1292971
sapnaplive,1289494
jerma985,1289303
sardoche,1285253
pestily,1282875
tenderlybae,1282747
stewie2k,1280913
brookeab,1278743
jonvlogs,1277024
felps,1276815
thenicolet,1275904
itshafu,1271694
brucedropemoff,1265520
jankos,1262455
spursito,1261873
skipnho,1252595
smallant,1243436
zackrawrr,1239585
g0ularte,1239429
awesamdude,1234805
tfblade,1230863
mangel,1230797
ixxyjyxxi,1229536
mrstiventc,1227733
fuslie,1223741
csgo_mc,1221748
criticalrole,1221489
eret,1220311
nasa,1217244
lakshartnia,1217177
bibleboyschurch,1212334
goncho,1205636
therealmarzaa,1205458
jericho,1203762
conterstine,1201122
botezlive,1200131
westcol,1193739
rebeudeter,1191592
ranger,1188487
emiru,1181355
a_seagull,1180647
callmecarsonlive,1179625
esfandtv,1178921
beyondthesummit,1176847
39daph,1175471
egorkreed,1174136
kitboga,1168822
agentemaxo,1166711
stpeach,1159625
joe_bartolozzi,1158568
jltomy,1158044
maximilian_dood,1157633
dmitry_lixxx,1155734
sujagg,1152379
duke,1149208
purpled,1147764
jovirone,1147622
moonmoon,1146156
bytarifaaa,1145633
unknownxarmy,1142268
wankilstudio,1142011
rtgame,1140417
dota2ti,1139910
sashagrey,1135171
zeko,1134013
wardell,1132618
jojohf,1129743
unsympathisch_tv,1126098
mym_alkapone,1125639
mickalow,1124936
menostrece,1124086
huskerrs,1116162
esl_csgob,1113618
gabepeixe,1113577
rekkles,1094193
polispol1,1093279
72hrs,1092269
playhard,1091640
skyrroztv,1087724
lvndmark,1086490
jhdelacruz777,1081004
tumblurr,1077531
ahrinyan,1074132
beaulo,1070387
momoladinastia,1069549
fps_shaka,1068862
shylily,1066627
roshtein,1066316
pubg_battlegrounds,1066136
pokelawls,1062584
lvpes,1061618
maciejay,1060049
quarterjade,1059461
skeppy,1059079
patriota,1056348
slimecicle,1052683
nick28t,1052489
thegameawards,1052322
nmplol,1050855
kittyplays,1048320
smii7y,1045340
nadia,1042985
grimmmz,1041938
kinggeorge,1038971
aircool,1038096
capitangatoo,1036595
alexelcapo,1036572
cheatbanned,1029187
corinnakopf,1026832
kennys,1022603
d3stri,1019654
peereira7,1015130
sivhd,1014887
nando,1013372
frankkaster,1012267
zeon,1009386
davooxeneize,1008920
cdawgva,1007872
conner,1006946
nyanners,1005496
bateson87,1004429
shxtou,1002979
vei,1002856
xiuder_,1002521
papigavitv,1002121
dendi,1002012
playapex,1001266
dalasreview,1000815
lestream,999217
pengu,998559
elwind,994281
gensyxa,992635
lubatv,991356
dreamwastaken,984307
mitr0,980825
strogo,980006
revedtv,979218
teegrizzley,978553
alliege,977562
chess,974393
inscope21tv,974100
5up,973958
berkriptepe,973902
kinggothalion,970195
hastad,969464
brunenger,968525
knekro,968478
ubisoft,967367
stylishnoob4,965716
xchocobars,965100
nilojeda,963998
mixwell,963157
teepee,960972
averagejonas,960711
adal,960586
dota2ruhub,960431
thebausffs,960197
woowakgood,959534
heyimbee,958547
dunkstream,957762
aussieantics,956510
welyn,950858
loud_voltan,949282
towelliee,948841
recrent,948035
yogscast,946518
soypan,945925
xayoo_,943699
lpl,943516
michou_twitch,941084
antoinedaniel,939989
vinnie,936540
duendepablo,936271
jjjjoaco,935043
fazesway,934037
anas_off,933535
darkarcompany,929430
qtcinderella,929330
unicornio,928602
aimsey,926517
codemiko,923740
squishymuffinz,919995
matteohs,918610
tapl,918498
mazellovvv,918436
subroza,916825
amablitz,913512
brtt,913428
lyonwgflive,912101
jlamaru,910274
reventxz,909365
melina,907866
leynainu,905459
tobiasfate,904129
jynxzi,902422
ch14,901752
caprimint,900038
smzinho,899002
tpain,898514
yetz,897875
pimpimenta,896882
fazeblaze,893749
cashnastygaming,893214
joueur_du_grenier,889800
m0e_tv,889632
dizzy,887471
schrodingerlee,886351
grenbaud,883510
dota2ti_ru,882375
axtlol,881005
otzdarva,880700
mutex,880393
elchiringuitotv,875747
etoiles,875517
ewroon,875368
whoplohoyparen,875154
gtimetv,874829
jasonr,874677
onscreen,873713
coolifegame,872687
blackelespanolito,871715
mrsoki,866887
zemie,866524
jinnytty,866165
zloyn,861602
annitheduck,857600
giantwaffle,857580
pgod,857535
youngmulti,855732
mateoz,854809
emongg,854537
iwdominate,852055
lachlan,850975
pintipanda,848983
mastu,848911
adrianachechik_,848290
terracid,847490
mews,846052
fanum,845854
tmxk319,845543
gothamchess,844288
reetlol,843711
dafran,842560
obm1025,842151
dilera,841969
mistermv,841308
amaz,840970
ranboobutnot,839272
eray,838593
riotgamesturkish,837816
ffearfful,837255
annadeniz,836901
playhearthstone,836760
playstation,833429
pieface23,833213
dansgaming,832887
rociodta,832436
baiano,832318
gratis150ml,831255
okyyy,831070
zubarefff,830533
mount,829009
admiralbahroo,828803
handiofiblood,828122
postmalone,826623
kyr_sp33dy,825579
luisenrique21,825558
monstercat,824073
mokrivskyi,823229
doggydogg20,822826
buddha,822487
tsm_theoddone,821859
sidneyeweka,819725
twitchpresents,819137
ijenz,818905
faide,818129
levo,814643
silvername,812629
iaaras2,812286
teeqzy_,811817
rickyedit,811773
tectone,810815
trumpsc,808859
asunaweeb,808264
s0mcs,806322
sweetdreams,805578
kolderiu,805103
ponce,804058
homyatol,803797
tsm_viss,802759
amustycow,802562
crayator,799059
originpc,798634
elmiillor,798620
kaypea,797164
forever,796983
rogue,796954
skyyart,794616
fl0m,794195
wolfiez,794188
alohadancetv,791788
ratirl,788829
bungie,787917
froggen,787850
tuonto,787616
thijs,787598
kareykadasha,785777
xrohat,783689
starladder_cs_en,783535
admiralbulldog,782490
ryux,782038
alptv,774881
frametamer666,773020
gassymexican,770640
itsryanhiga,769641
streamerhouse,769274
danucd,769084
pietsmiet,768778
runthefutmarket,765710
tbjzl,764962
stevewillsendit,763837
kamolrf,762959
sharishaxd,762553
akyuliych,762085
bagi,762057
shiphtur,760793
immarksman,760088
h1ghsky1,760003
aiekillu,759901
nuvia_ouo,759290
aphromoo,759088
xandaoogod,758145
midbeast,757934
momonkunn,757812
zilioner,757286
loud_mii,757073
rebirthztv,756986
rraenee,752679
werlyb,751828
enviosity,750833
gskianto,750370
miafitz,750308
daltoosh,749826
alewang,749491
wildcat,748991
espe,747204
tolunayoren,742652
lilsimsie,741842
kato_junichi0817,741288
stormen,740451
maya,740197
grimm,738867
noni,738193
maghla,738144
pago3,738063
zony,737955
quin69,737554
innocents,737261
warcraft,736356
taliamar,735967
omgitsfirefoxx,735734
aa9skillz,735242
m0nesyof,732617
chowh1,730127
bichouu_,728399
zigueira,727794
ml7support,725602
julien,725457
therussianbadger,725064
kaydop,724942
sceptic,724435
arteezy,724416
tanizen,723188
datto,721973
cowsep,721567
milan926_,719166
dellor,719154
hbomb94,718610
get_right,718096
mikeshowsha,717821
professorbroman,717697
tanzverbot,714302
sacriel,714222
honeypuu,713440
herdyn,712336
ernesbarbeq,711423
dota2mc,710455
rainblue37,710300
hazretiyasuo,710123
halo,709318
connoreatspants,708705
gabbodsq,708352
xbox,707275
honeymad,705899
prince__off,704671
joewo,702870
olliegamerz,702619
leleo,701738
olyashaa,701328
patopapao,700824
thedarkness,699028
dropsbyponk,698846
laink,698626
loud_bradoock,697764
nakoo_fn,697576
dangerlyoha,695054
smitegame,694262
annoying,693573
dizzykitten,693006
niklaswilson,692144
hjune,692070
nissaxter,691735
solary,689003
darkviperau,688774
sparkofphoenixtv,688673
dreadztv,688634
dopa24,688540
tecnosh,686176
lospollostv,685708
tru3ta1ent,684956
rizzo,684569
bethesda,684412
hype,683774
noahreyli,682706
iskall85,681938
ceh9,681811
deujna,681652
llstylish,681090
ac7ionman,679799
prod,679280
miamalkova,679170
diegosaurs,678587
loud_crusher,678555
vickypalami,678425
fenya,678424
realkraftyy,677739
aquino,677585
n0thing,676657
aimbotcalvin,676350
jeeltv,674479
rumathra,674428
taspio,674071
antfrost,673657
formal,673439
zainita,672543
fer,672411
brucegrannec,672399
nicewigg,672134
ekatze007,671843
repaz,671642
ash,671466
rkdwl12,671281
thealvaro845,669727
jrkz,668702
mendo,667596
agustin51,666728
mister903,666337
cacho01,663075
jcorko_,662158
fattypillow,661133
f1nn5ter,660718
ploo,659299
meikodrj,659212
actingliketommy,658815
saddummy,657922
boyminoru,656802
fnxlntc,652842
tyceno,652725
sleepy,651761
gonsabellla,651149
adolfz,650964
caps,649921
andymilonakis,649317
mandzio,649017
rekinss,648609
esl_dota2,647810
evaanna,647508
ibabyrainbow,647502
olofmeister,647194
m0xyy,645545
jean_mago,645365
grizzy,645344
vadeal,645067
ybicanoooobov,645031
gorgc,643825
jakenbakelive,643729
imls,643108
bunnyfufuu,642860
swifty,642155
otplol_,639821
enriqueramosgamer,639637
1drakonz,637774
billzo,637594
elfedelobo,636426
pulgaboy,636116
mikaylah,635976
imviolet_,635632
xthesolutiontv,635272
dogdog,635169
karavay46,634636
singsing,633779
pizfn,633598
superhenrytran,633159
ariasaki,632614
annemunition,631489
agraelus,631356
lol_nemesis,631298
paulanobre,630012
niko,629351
smajor,628931
brax,628871
vgbootcamp,628351
matthdgamer,628190
nephtunie,626747
arab,626338
gnu_live,624345
mitchjones,622772
projektmelody,622251
moonryde,622239
linca,621286
snip3down,620705
bikinibodhi,620453
chanzes,620152
deyyszn,619552
anders_vejrgang,619427
lla,617858
demisux,617774
violetag,617514
healthygamer_gg,615901
just_ns,615889
drigo,615757
dannyaarons,615366
linustech,614515
kephrii,614503
angryjoeshow,613900
bnans,613313
nintendo,613177
dougdoug,612869
rush,612664
ahmed_show,612271
swelyy,612094
twitchgaming,612092
valorant_br,611516
2chamcham2,611347
berleezy,610437
albralelie,609460
narcolepticnugget,609229
mch_agg,608616
richwcampbell,608103
alphacast,607904
wallibear,607890
hasvik,607628
northernlion,607329
ovotz,607242
hanryang1125,607233
csruhub,606417
harmii,605402
dereknlmb,604224
nervarien,603620
sirhcez,603446
maau,603311
jeanpormanove,602822
terroriser,600788
littleragergirl,600774
efeuygac,600495
pokemon,598460
noway4u_sir,597689
blanchitooo,597378
eryctriceps,596760
adrive,596485
oscurlod,596312
okingbr,596260
varsitygaming,595880
paymoneywubby,595857
mrhugo,595832
loud_mob,595097
aba4647,594948
boomerna,594881
isamu,594703
tayson,594419
anthonyz,593954
justfoxii,593027
hiperop,592674
buckefps,592639
prettyboyfredo,592620
skadoodle,591795
patodeaqualand,590623
cyr,590234
withzack,589806
elisabetexo,589479
agent00,588754
mymtumtum69,587399
coreano,587368
nepenthez,587300
xisuma,587229
paracetamor,586971
rainbow6br,586466
kirachats,586106
itsjstn,584758
marzz_ow,583852
liminhag0d,583424
timmac,583152
supertf,582599
jashlem,582008
zenon_of,581708
ratoborrachudo,580672
loud_thaiga,580363
kalei,580145
kuplinov,579945
masayoshi,579420
chefstrobel,579320
summonersinnlive,578892
ray,578712
exileshow,578262
spygea,578136
crankgameplays,578058
tuli_acosta,577406
zormanworld,577132
sacy,577105
snaggymo,576758
dtoke,576664
juliabayonetta_,576544
diazbiffle,575660
sneegsnag,575349
dreamleague,574965
suetam1v4,574943
drb7h,573788
grubby,573541
neburixtv,573243
b0aty,572408
zerobadass,571876
nikitonipongotv,571770
opsct,571594
wearethevr,571375
mrtweeday,571128
bajheera,570639
samueletienne,569966
a1taoda,569614
painlivestream,569175
kkatamina,567783
pokanoname,567539
grafo,567445
guaxinim,567248
amazonmusic,567056
nickbunyun,566777
adztv,566498
emikukis,565295
littlebigwhale,565161
rdcgaming,564728
darumaisgod,564596
thaldrinlol,563530
playoverwatch,563275
peterpark,562283
pijack11,561818
nats,561567
jirayalecochon,560501
tocata,560014
yvonnie,559962
poach,559827
asiagodtonegg3be0,559603
primevideo,559353
handongsuk,559149
vinesauce,558342
mody_alasmr,557854
silithur,557842
wkgml,557346
nikolarn,556618
snifferish,555333
nezak_,555160
ethos,554839
filian,554279
xewer,553017
elanur,552944
kaellyn,552934
athena,552584
logic,552000
christianvieriofficial,551832
clintstevens,551426
efesto96,551128
coreanolocolive,551102
koil,550337
cyrilmp4,549965
berry0314,549412
tvander,549159
fpsthailand,549053
uberhaxornova,547851
kaceytron,547754
quickybaby,547747
kruzadar,547543
pabellon_4,547236
eamaddennfl,546963
its_iron,546833
tecnonauta,546263
kasix,545853
bazattak007,545351
kendomurft,545103
abokyan,544882
evelone2004,544668
modestal,543108
tarzaned,542358
sp4zie,541117
hiswattson,540352
steel_tv,540261
jayzer_here,540209
gs_1,539808
cashapp,539750
